,onl,oo,x,y,I31,o,I32,I41,rx,I42,I43,I5,x1,x2,x3,x4,x5,x6,x7,x8,I8,I13
onl,9,9,9,9,9,9,9,9,9,9,9,9,9,9,9,9,9,9,9,9,9,9
oo,9,0,0,0,0,1,1,1,0,0,1,1,0,0,0,0,0,0,0,0,0,1
x,9,0,1,0,1,0,1,1,0,1,1,1,0,0,0,0,0,0,0,0,0,1
y,9,0,0,1,1,0,1,1,0,1,1,1,0,0,0,0,0,0,0,0,0,1
I31,9,0,1,1,2,1,3,3,0,2,3,3,0,0,0,0,0,0,0,0,0,2
o,9,1,0,0,1,0,0,1,0,1,0,1,0,0,0,0,0,0,0,0,0,1
I32,9,1,1,1,3,0,2,3,0,3,2,3,0,0,0,0,0,0,0,0,0,3
I41,9,1,1,1,3,1,3,4,0,3,3,4,0,0,0,0,0,0,0,0,0,4
rx,9,0,0,0,0,0,0,1,1,1,1,1,0,0,0,0,0,0,0,0,0,1
I42,9,0,1,1,2,1,3,3,1,3,4,4,0,0,0,0,0,0,0,0,0,4
I43,9,1,1,1,3,0,2,3,1,4,3,4,0,0,0,0,0,0,0,0,0,4
I5,9,1,1,1,3,1,3,4,1,4,4,5,0,0,0,0,0,0,0,0,0,5
x1,9,0,0,0,0,0,0,0,0,0,0,0,1,0,0,0,0,0,0,0,1,1
x2,9,0,0,0,0,0,0,0,0,0,0,0,0,1,0,0,0,0,0,0,1,1
x3,9,0,0,0,0,0,0,0,0,0,0,0,0,0,1,0,0,0,0,0,1,1
x4,9,0,0,0,0,0,0,0,0,0,0,0,0,0,0,1,0,0,0,0,1,1
x5,9,0,0,0,0,0,0,0,0,0,0,0,0,0,0,0,1,0,0,0,1,1
x6,9,0,0,0,0,0,0,0,0,0,0,0,0,0,0,0,0,1,0,0,1,1
x7,9,0,0,0,0,0,0,0,0,0,0,0,0,0,0,0,0,0,1,0,1,1
x8,9,0,0,0,0,0,0,0,0,0,0,0,0,0,0,0,0,0,0,1,1,1
I8,9,0,0,0,0,0,0,0,0,0,0,0,1,1,1,1,1,1,1,1,8,8
I13,9,1,1,1,3,1,3,4,1,4,4,5,1,1,1,1,1,1,1,1,8,13
